producer-consumer,3.439208181

pipeline,6.860441244

